name,title,level,facing,categories,description,detail,remediation,metadata,cache_key
auth_rls_initplan,Auth RLS Initialization Plan,WARN,EXTERNAL,"[""PERFORMANCE""]",Detects if calls to \`current_setting()\` and \`auth.<function>()\` in RLS policies are being unnecessarily re-evaluated for each row,Table \`public.users\` has a row level security policy \`Users can view own profile and admins can view all\` that re-evaluates current_setting() or auth.<function>() for each row. This produces suboptimal query performance at scale. Resolve the issue by replacing \`auth.<function>()\` with \`(select auth.<function>())\`. See [docs](https://supabase.com/docs/guides/database/postgres/row-level-security#call-functions-with-select) for more info.,https://supabase.com/docs/guides/database/database-linter?lint=0003_auth_rls_initplan,"{""name"":""users"",""type"":""table"",""schema"":""public""}",auth_rls_init_plan_public_users_Users can view own profile and admins can view all
auth_rls_initplan,Auth RLS Initialization Plan,WARN,EXTERNAL,"[""PERFORMANCE""]",Detects if calls to \`current_setting()\` and \`auth.<function>()\` in RLS policies are being unnecessarily re-evaluated for each row,Table \`public.notification_preferences\` has a row level security policy \`Users can view own preferences\` that re-evaluates current_setting() or auth.<function>() for each row. This produces suboptimal query performance at scale. Resolve the issue by replacing \`auth.<function>()\` with \`(select auth.<function>())\`. See [docs](https://supabase.com/docs/guides/database/postgres/row-level-security#call-functions-with-select) for more info.,https://supabase.com/docs/guides/database/database-linter?lint=0003_auth_rls_initplan,"{""name"":""notification_preferences"",""type"":""table"",""schema"":""public""}",auth_rls_init_plan_public_notification_preferences_Users can view own preferences
auth_rls_initplan,Auth RLS Initialization Plan,WARN,EXTERNAL,"[""PERFORMANCE""]",Detects if calls to \`current_setting()\` and \`auth.<function>()\` in RLS policies are being unnecessarily re-evaluated for each row,Table \`public.notification_preferences\` has a row level security policy \`Users can update own preferences\` that re-evaluates current_setting() or auth.<function>() for each row. This produces suboptimal query performance at scale. Resolve the issue by replacing \`auth.<function>()\` with \`(select auth.<function>())\`. See [docs](https://supabase.com/docs/guides/database/postgres/row-level-security#call-functions-with-select) for more info.,https://supabase.com/docs/guides/database/database-linter?lint=0003_auth_rls_initplan,"{""name"":""notification_preferences"",""type"":""table"",""schema"":""public""}",auth_rls_init_plan_public_notification_preferences_Users can update own preferences
auth_rls_initplan,Auth RLS Initialization Plan,WARN,EXTERNAL,"[""PERFORMANCE""]",Detects if calls to \`current_setting()\` and \`auth.<function>()\` in RLS policies are being unnecessarily re-evaluated for each row,Table \`public.user_badges\` has a row level security policy \`Users can view own badges\` that re-evaluates current_setting() or auth.<function>() for each row. This produces suboptimal query performance at scale. Resolve the issue by replacing \`auth.<function>()\` with \`(select auth.<function>())\`. See [docs](https://supabase.com/docs/guides/database/postgres/row-level-security#call-functions-with-select) for more info.,https://supabase.com/docs/guides/database/database-linter?lint=0003_auth_rls_initplan,"{""name"":""user_badges"",""type"":""table"",""schema"":""public""}",auth_rls_init_plan_public_user_badges_Users can view own badges
auth_rls_initplan,Auth RLS Initialization Plan,WARN,EXTERNAL,"[""PERFORMANCE""]",Detects if calls to \`current_setting()\` and \`auth.<function>()\` in RLS policies are being unnecessarily re-evaluated for each row,Table \`public.community_members\` has a row level security policy \`Users can join communities\` that re-evaluates current_setting() or auth.<function>() for each row. This produces suboptimal query performance at scale. Resolve the issue by replacing \`auth.<function>()\` with \`(select auth.<function>())\`. See [docs](https://supabase.com/docs/guides/database/postgres/row-level-security#call-functions-with-select) for more info.,https://supabase.com/docs/guides/database/database-linter?lint=0003_auth_rls_initplan,"{""name"":""community_members"",""type"":""table"",""schema"":""public""}",auth_rls_init_plan_public_community_members_Users can join communities
auth_rls_initplan,Auth RLS Initialization Plan,WARN,EXTERNAL,"[""PERFORMANCE""]",Detects if calls to \`current_setting()\` and \`auth.<function>()\` in RLS policies are being unnecessarily re-evaluated for each row,Table \`public.community_members\` has a row level security policy \`Users can leave communities or admins can remove\` that re-evaluates current_setting() or auth.<function>() for each row. This produces suboptimal query performance at scale. Resolve the issue by replacing \`auth.<function>()\` with \`(select auth.<function>())\`. See [docs](https://supabase.com/docs/guides/database/postgres/row-level-security#call-functions-with-select) for more info.,https://supabase.com/docs/guides/database/database-linter?lint=0003_auth_rls_initplan,"{""name"":""community_members"",""type"":""table"",""schema"":""public""}",auth_rls_init_plan_public_community_members_Users can leave communities or admins can remove
auth_rls_initplan,Auth RLS Initialization Plan,WARN,EXTERNAL,"[""PERFORMANCE""]",Detects if calls to \`current_setting()\` and \`auth.<function>()\` in RLS policies are being unnecessarily re-evaluated for each row,Table \`public.event_registrations\` has a row level security policy \`Users can view own registrations and admins can view all\` that re-evaluates current_setting() or auth.<function>() for each row. This produces suboptimal query performance at scale. Resolve the issue by replacing \`auth.<function>()\` with \`(select auth.<function>())\`. See [docs](https://supabase.com/docs/guides/database/postgres/row-level-security#call-functions-with-select) for more info.,https://supabase.com/docs/guides/database/database-linter?lint=0003_auth_rls_initplan,"{""name"":""event_registrations"",""type"":""table"",""schema"":""public""}",auth_rls_init_plan_public_event_registrations_Users can view own registrations and admins can view all
auth_rls_initplan,Auth RLS Initialization Plan,WARN,EXTERNAL,"[""PERFORMANCE""]",Detects if calls to \`current_setting()\` and \`auth.<function>()\` in RLS policies are being unnecessarily re-evaluated for each row,Table \`public.event_registrations\` has a row level security policy \`Users can cancel own registrations and admins can cancel any\` that re-evaluates current_setting() or auth.<function>() for each row. This produces suboptimal query performance at scale. Resolve the issue by replacing \`auth.<function>()\` with \`(select auth.<function>())\`. See [docs](https://supabase.com/docs/guides/database/postgres/row-level-security#call-functions-with-select) for more info.,https://supabase.com/docs/guides/database/database-linter?lint=0003_auth_rls_initplan,"{""name"":""event_registrations"",""type"":""table"",""schema"":""public""}",auth_rls_init_plan_public_event_registrations_Users can cancel own registrations and admins can cancel any
auth_rls_initplan,Auth RLS Initialization Plan,WARN,EXTERNAL,"[""PERFORMANCE""]",Detects if calls to \`current_setting()\` and \`auth.<function>()\` in RLS policies are being unnecessarily re-evaluated for each row,Table \`public.discussion_comments\` has a row level security policy \`Community members can comment on discussions\` that re-evaluates current_setting() or auth.<function>() for each row. This produces suboptimal query performance at scale. Resolve the issue by replacing \`auth.<function>()\` with \`(select auth.<function>())\`. See [docs](https://supabase.com/docs/guides/database/postgres/row-level-security#call-functions-with-select) for more info.,https://supabase.com/docs/guides/database/database-linter?lint=0003_auth_rls_initplan,"{""name"":""discussion_comments"",""type"":""table"",""schema"":""public""}",auth_rls_init_plan_public_discussion_comments_Community members can comment on discussions
auth_rls_initplan,Auth RLS Initialization Plan,WARN,EXTERNAL,"[""PERFORMANCE""]",Detects if calls to \`current_setting()\` and \`auth.<function>()\` in RLS policies are being unnecessarily re-evaluated for each row,Table \`public.discussion_comments\` has a row level security policy \`Users can update own comments (grace period) or admins can upda\` that re-evaluates current_setting() or auth.<function>() for each row. This produces suboptimal query performance at scale. Resolve the issue by replacing \`auth.<function>()\` with \`(select auth.<function>())\`. See [docs](https://supabase.com/docs/guides/database/postgres/row-level-security#call-functions-with-select) for more info.,https://supabase.com/docs/guides/database/database-linter?lint=0003_auth_rls_initplan,"{""name"":""discussion_comments"",""type"":""table"",""schema"":""public""}",auth_rls_init_plan_public_discussion_comments_Users can update own comments (grace period) or admins can upda
auth_rls_initplan,Auth RLS Initialization Plan,WARN,EXTERNAL,"[""PERFORMANCE""]",Detects if calls to \`current_setting()\` and \`auth.<function>()\` in RLS policies are being unnecessarily re-evaluated for each row,Table \`public.discussion_comments\` has a row level security policy \`Users can delete own comments or admins can delete any\` that re-evaluates current_setting() or auth.<function>() for each row. This produces suboptimal query performance at scale. Resolve the issue by replacing \`auth.<function>()\` with \`(select auth.<function>())\`. See [docs](https://supabase.com/docs/guides/database/postgres/row-level-security#call-functions-with-select) for more info.,https://supabase.com/docs/guides/database/database-linter?lint=0003_auth_rls_initplan,"{""name"":""discussion_comments"",""type"":""table"",""schema"":""public""}",auth_rls_init_plan_public_discussion_comments_Users can delete own comments or admins can delete any
auth_rls_initplan,Auth RLS Initialization Plan,WARN,EXTERNAL,"[""PERFORMANCE""]",Detects if calls to \`current_setting()\` and \`auth.<function>()\` in RLS policies are being unnecessarily re-evaluated for each row,Table \`public.flags\` has a row level security policy \`Authenticated users can create flags\` that re-evaluates current_setting() or auth.<function>() for each row. This produces suboptimal query performance at scale. Resolve the issue by replacing \`auth.<function>()\` with \`(select auth.<function>())\`. See [docs](https://supabase.com/docs/guides/database/postgres/row-level-security#call-functions-with-select) for more info.,https://supabase.com/docs/guides/database/database-linter?lint=0003_auth_rls_initplan,"{""name"":""flags"",""type"":""table"",""schema"":""public""}",auth_rls_init_plan_public_flags_Authenticated users can create flags
auth_rls_initplan,Auth RLS Initialization Plan,WARN,EXTERNAL,"[""PERFORMANCE""]",Detects if calls to \`current_setting()\` and \`auth.<function>()\` in RLS policies are being unnecessarily re-evaluated for each row,Table \`public.referrals\` has a row level security policy \`Users can view referrals they made or received\` that re-evaluates current_setting() or auth.<function>() for each row. This produces suboptimal query performance at scale. Resolve the issue by replacing \`auth.<function>()\` with \`(select auth.<function>())\`. See [docs](https://supabase.com/docs/guides/database/postgres/row-level-security#call-functions-with-select) for more info.,https://supabase.com/docs/guides/database/database-linter?lint=0003_auth_rls_initplan,"{""name"":""referrals"",""type"":""table"",""schema"":""public""}",auth_rls_init_plan_public_referrals_Users can view referrals they made or received
auth_rls_initplan,Auth RLS Initialization Plan,WARN,EXTERNAL,"[""PERFORMANCE""]",Detects if calls to \`current_setting()\` and \`auth.<function>()\` in RLS policies are being unnecessarily re-evaluated for each row,Table \`public.user_activity_log\` has a row level security policy \`Users can view own activity and admins can view all\` that re-evaluates current_setting() or auth.<function>() for each row. This produces suboptimal query performance at scale. Resolve the issue by replacing \`auth.<function>()\` with \`(select auth.<function>())\`. See [docs](https://supabase.com/docs/guides/database/postgres/row-level-security#call-functions-with-select) for more info.,https://supabase.com/docs/guides/database/database-linter?lint=0003_auth_rls_initplan,"{""name"":""user_activity_log"",""type"":""table"",""schema"":""public""}",auth_rls_init_plan_public_user_activity_log_Users can view own activity and admins can view all
auth_rls_initplan,Auth RLS Initialization Plan,WARN,EXTERNAL,"[""PERFORMANCE""]",Detects if calls to \`current_setting()\` and \`auth.<function>()\` in RLS policies are being unnecessarily re-evaluated for each row,Table \`public.payment_sessions\` has a row level security policy \`Users can view their own payment sessions\` that re-evaluates current_setting() or auth.<function>() for each row. This produces suboptimal query performance at scale. Resolve the issue by replacing \`auth.<function>()\` with \`(select auth.<function>())\`. See [docs](https://supabase.com/docs/guides/database/postgres/row-level-security#call-functions-with-select) for more info.,https://supabase.com/docs/guides/database/database-linter?lint=0003_auth_rls_initplan,"{""name"":""payment_sessions"",""type"":""table"",""schema"":""public""}",auth_rls_init_plan_public_payment_sessions_Users can view their own payment sessions
auth_rls_initplan,Auth RLS Initialization Plan,WARN,EXTERNAL,"[""PERFORMANCE""]",Detects if calls to \`current_setting()\` and \`auth.<function>()\` in RLS policies are being unnecessarily re-evaluated for each row,Table \`public.payment_sessions\` has a row level security policy \`Users can create their own payment sessions\` that re-evaluates current_setting() or auth.<function>() for each row. This produces suboptimal query performance at scale. Resolve the issue by replacing \`auth.<function>()\` with \`(select auth.<function>())\`. See [docs](https://supabase.com/docs/guides/database/postgres/row-level-security#call-functions-with-select) for more info.,https://supabase.com/docs/guides/database/database-linter?lint=0003_auth_rls_initplan,"{""name"":""payment_sessions"",""type"":""table"",""schema"":""public""}",auth_rls_init_plan_public_payment_sessions_Users can create their own payment sessions
auth_rls_initplan,Auth RLS Initialization Plan,WARN,EXTERNAL,"[""PERFORMANCE""]",Detects if calls to \`current_setting()\` and \`auth.<function>()\` in RLS policies are being unnecessarily re-evaluated for each row,Table \`public.webhook_configurations\` has a row level security policy \`Admins can manage webhook configurations\` that re-evaluates current_setting() or auth.<function>() for each row. This produces suboptimal query performance at scale. Resolve the issue by replacing \`auth.<function>()\` with \`(select auth.<function>())\`. See [docs](https://supabase.com/docs/guides/database/postgres/row-level-security#call-functions-with-select) for more info.,https://supabase.com/docs/guides/database/database-linter?lint=0003_auth_rls_initplan,"{""name"":""webhook_configurations"",""type"":""table"",""schema"":""public""}",auth_rls_init_plan_public_webhook_configurations_Admins can manage webhook configurations
auth_rls_initplan,Auth RLS Initialization Plan,WARN,EXTERNAL,"[""PERFORMANCE""]",Detects if calls to \`current_setting()\` and \`auth.<function>()\` in RLS policies are being unnecessarily re-evaluated for each row,Table \`public.webhook_deliveries\` has a row level security policy \`Admins can view webhook deliveries\` that re-evaluates current_setting() or auth.<function>() for each row. This produces suboptimal query performance at scale. Resolve the issue by replacing \`auth.<function>()\` with \`(select auth.<function>())\`. See [docs](https://supabase.com/docs/guides/database/postgres/row-level-security#call-functions-with-select) for more info.,https://supabase.com/docs/guides/database/database-linter?lint=0003_auth_rls_initplan,"{""name"":""webhook_deliveries"",""type"":""table"",""schema"":""public""}",auth_rls_init_plan_public_webhook_deliveries_Admins can view webhook deliveries
auth_rls_initplan,Auth RLS Initialization Plan,WARN,EXTERNAL,"[""PERFORMANCE""]",Detects if calls to \`current_setting()\` and \`auth.<function>()\` in RLS policies are being unnecessarily re-evaluated for each row,Table \`public.user_roles\` has a row level security policy \`Users can view their own roles\` that re-evaluates current_setting() or auth.<function>() for each row. This produces suboptimal query performance at scale. Resolve the issue by replacing \`auth.<function>()\` with \`(select auth.<function>())\`. See [docs](https://supabase.com/docs/guides/database/postgres/row-level-security#call-functions-with-select) for more info.,https://supabase.com/docs/guides/database/database-linter?lint=0003_auth_rls_initplan,"{""name"":""user_roles"",""type"":""table"",""schema"":""public""}",auth_rls_init_plan_public_user_roles_Users can view their own roles
auth_rls_initplan,Auth RLS Initialization Plan,WARN,EXTERNAL,"[""PERFORMANCE""]",Detects if calls to \`current_setting()\` and \`auth.<function>()\` in RLS policies are being unnecessarily re-evaluated for each row,Table \`public.user_permissions\` has a row level security policy \`Users can view their own permissions\` that re-evaluates current_setting() or auth.<function>() for each row. This produces suboptimal query performance at scale. Resolve the issue by replacing \`auth.<function>()\` with \`(select auth.<function>())\`. See [docs](https://supabase.com/docs/guides/database/postgres/row-level-security#call-functions-with-select) for more info.,https://supabase.com/docs/guides/database/database-linter?lint=0003_auth_rls_initplan,"{""name"":""user_permissions"",""type"":""table"",""schema"":""public""}",auth_rls_init_plan_public_user_permissions_Users can view their own permissions
auth_rls_initplan,Auth RLS Initialization Plan,WARN,EXTERNAL,"[""PERFORMANCE""]",Detects if calls to \`current_setting()\` and \`auth.<function>()\` in RLS policies are being unnecessarily re-evaluated for each row,Table \`public.user_requests\` has a row level security policy \`Users can create their own requests\` that re-evaluates current_setting() or auth.<function>() for each row. This produces suboptimal query performance at scale. Resolve the issue by replacing \`auth.<function>()\` with \`(select auth.<function>())\`. See [docs](https://supabase.com/docs/guides/database/postgres/row-level-security#call-functions-with-select) for more info.,https://supabase.com/docs/guides/database/database-linter?lint=0003_auth_rls_initplan,"{""name"":""user_requests"",""type"":""table"",""schema"":""public""}",auth_rls_init_plan_public_user_requests_Users can create their own requests
auth_rls_initplan,Auth RLS Initialization Plan,WARN,EXTERNAL,"[""PERFORMANCE""]",Detects if calls to \`current_setting()\` and \`auth.<function>()\` in RLS policies are being unnecessarily re-evaluated for each row,Table \`public.community_members\` has a row level security policy \`Members can view community members or admins can view all\` that re-evaluates current_setting() or auth.<function>() for each row. This produces suboptimal query performance at scale. Resolve the issue by replacing \`auth.<function>()\` with \`(select auth.<function>())\`. See [docs](https://supabase.com/docs/guides/database/postgres/row-level-security#call-functions-with-select) for more info.,https://supabase.com/docs/guides/database/database-linter?lint=0003_auth_rls_initplan,"{""name"":""community_members"",""type"":""table"",""schema"":""public""}",auth_rls_init_plan_public_community_members_Members can view community members or admins can view all
auth_rls_initplan,Auth RLS Initialization Plan,WARN,EXTERNAL,"[""PERFORMANCE""]",Detects if calls to \`current_setting()\` and \`auth.<function>()\` in RLS policies are being unnecessarily re-evaluated for each row,Table \`public.discussions\` has a row level security policy \`Community members can view discussions or admins can view all\` that re-evaluates current_setting() or auth.<function>() for each row. This produces suboptimal query performance at scale. Resolve the issue by replacing \`auth.<function>()\` with \`(select auth.<function>())\`. See [docs](https://supabase.com/docs/guides/database/postgres/row-level-security#call-functions-with-select) for more info.,https://supabase.com/docs/guides/database/database-linter?lint=0003_auth_rls_initplan,"{""name"":""discussions"",""type"":""table"",""schema"":""public""}",auth_rls_init_plan_public_discussions_Community members can view discussions or admins can view all
auth_rls_initplan,Auth RLS Initialization Plan,WARN,EXTERNAL,"[""PERFORMANCE""]",Detects if calls to \`current_setting()\` and \`auth.<function>()\` in RLS policies are being unnecessarily re-evaluated for each row,Table \`public.discussion_comments\` has a row level security policy \`Community members can view comments or admins can view all\` that re-evaluates current_setting() or auth.<function>() for each row. This produces suboptimal query performance at scale. Resolve the issue by replacing \`auth.<function>()\` with \`(select auth.<function>())\`. See [docs](https://supabase.com/docs/guides/database/postgres/row-level-security#call-functions-with-select) for more info.,https://supabase.com/docs/guides/database/database-linter?lint=0003_auth_rls_initplan,"{""name"":""discussion_comments"",""type"":""table"",""schema"":""public""}",auth_rls_init_plan_public_discussion_comments_Community members can view comments or admins can view all
auth_rls_initplan,Auth RLS Initialization Plan,WARN,EXTERNAL,"[""PERFORMANCE""]",Detects if calls to \`current_setting()\` and \`auth.<function>()\` in RLS policies are being unnecessarily re-evaluated for each row,Table \`public.event_registrations\` has a row level security policy \`Community members can register for events\` that re-evaluates current_setting() or auth.<function>() for each row. This produces suboptimal query performance at scale. Resolve the issue by replacing \`auth.<function>()\` with \`(select auth.<function>())\`. See [docs](https://supabase.com/docs/guides/database/postgres/row-level-security#call-functions-with-select) for more info.,https://supabase.com/docs/guides/database/database-linter?lint=0003_auth_rls_initplan,"{""name"":""event_registrations"",""type"":""table"",""schema"":""public""}",auth_rls_init_plan_public_event_registrations_Community members can register for events
auth_rls_initplan,Auth RLS Initialization Plan,WARN,EXTERNAL,"[""PERFORMANCE""]",Detects if calls to \`current_setting()\` and \`auth.<function>()\` in RLS policies are being unnecessarily re-evaluated for each row,Table \`public.user_requests\` has a row level security policy \`Users can view their own requests\` that re-evaluates current_setting() or auth.<function>() for each row. This produces suboptimal query performance at scale. Resolve the issue by replacing \`auth.<function>()\` with \`(select auth.<function>())\`. See [docs](https://supabase.com/docs/guides/database/postgres/row-level-security#call-functions-with-select) for more info.,https://supabase.com/docs/guides/database/database-linter?lint=0003_auth_rls_initplan,"{""name"":""user_requests"",""type"":""table"",""schema"":""public""}",auth_rls_init_plan_public_user_requests_Users can view their own requests
auth_rls_initplan,Auth RLS Initialization Plan,WARN,EXTERNAL,"[""PERFORMANCE""]",Detects if calls to \`current_setting()\` and \`auth.<function>()\` in RLS policies are being unnecessarily re-evaluated for each row,Table \`public.users\` has a row level security policy \`Users can view own whatsapp_number\` that re-evaluates current_setting() or auth.<function>() for each row. This produces suboptimal query performance at scale. Resolve the issue by replacing \`auth.<function>()\` with \`(select auth.<function>())\`. See [docs](https://supabase.com/docs/guides/database/postgres/row-level-security#call-functions-with-select) for more info.,https://supabase.com/docs/guides/database/database-linter?lint=0003_auth_rls_initplan,"{""name"":""users"",""type"":""table"",""schema"":""public""}",auth_rls_init_plan_public_users_Users can view own whatsapp_number
auth_rls_initplan,Auth RLS Initialization Plan,WARN,EXTERNAL,"[""PERFORMANCE""]",Detects if calls to \`current_setting()\` and \`auth.<function>()\` in RLS policies are being unnecessarily re-evaluated for each row,Table \`public.users\` has a row level security policy \`Users can update own profile (no role change)\` that re-evaluates current_setting() or auth.<function>() for each row. This produces suboptimal query performance at scale. Resolve the issue by replacing \`auth.<function>()\` with \`(select auth.<function>())\`. See [docs](https://supabase.com/docs/guides/database/postgres/row-level-security#call-functions-with-select) for more info.,https://supabase.com/docs/guides/database/database-linter?lint=0003_auth_rls_initplan,"{""name"":""users"",""type"":""table"",""schema"":""public""}",auth_rls_init_plan_public_users_Users can update own profile (no role change)
multiple_permissive_policies,Multiple Permissive Policies,WARN,EXTERNAL,"[""PERFORMANCE""]",Detects if multiple permissive row level security policies are present on a table for the same \`role\` and \`action\` (e.g. insert). Multiple permissive policies are suboptimal for performance as each policy must be executed for every relevant query.,"Table \`public.event_tags\` has multiple permissive policies for role \`anon\` for action \`SELECT\`. Policies include \`{""Admins can manage event tags"",""Anyone can view event tags""}\`",https://supabase.com/docs/guides/database/database-linter?lint=0006_multiple_permissive_policies,"{""name"":""event_tags"",""type"":""table"",""schema"":""public""}",multiple_permissive_policies_public_event_tags_anon_SELECT
multiple_permissive_policies,Multiple Permissive Policies,WARN,EXTERNAL,"[""PERFORMANCE""]",Detects if multiple permissive row level security policies are present on a table for the same \`role\` and \`action\` (e.g. insert). Multiple permissive policies are suboptimal for performance as each policy must be executed for every relevant query.,"Table \`public.event_tags\` has multiple permissive policies for role \`authenticated\` for action \`SELECT\`. Policies include \`{""Admins can manage event tags"",""Anyone can view event tags""}\`",https://supabase.com/docs/guides/database/database-linter?lint=0006_multiple_permissive_policies,"{""name"":""event_tags"",""type"":""table"",""schema"":""public""}",multiple_permissive_policies_public_event_tags_authenticated_SELECT
multiple_permissive_policies,Multiple Permissive Policies,WARN,EXTERNAL,"[""PERFORMANCE""]",Detects if multiple permissive row level security policies are present on a table for the same \`role\` and \`action\` (e.g. insert). Multiple permissive policies are suboptimal for performance as each policy must be executed for every relevant query.,"Table \`public.event_tags\` has multiple permissive policies for role \`authenticator\` for action \`SELECT\`. Policies include \`{""Admins can manage event tags"",""Anyone can view event tags""}\`",https://supabase.com/docs/guides/database/database-linter?lint=0006_multiple_permissive_policies,"{""name"":""event_tags"",""type"":""table"",""schema"":""public""}",multiple_permissive_policies_public_event_tags_authenticator_SELECT
multiple_permissive_policies,Multiple Permissive Policies,WARN,EXTERNAL,"[""PERFORMANCE""]",Detects if multiple permissive row level security policies are present on a table for the same \`role\` and \`action\` (e.g. insert). Multiple permissive policies are suboptimal for performance as each policy must be executed for every relevant query.,"Table \`public.event_tags\` has multiple permissive policies for role \`cli_login_postgres\` for action \`SELECT\`. Policies include \`{""Admins can manage event tags"",""Anyone can view event tags""}\`",https://supabase.com/docs/guides/database/database-linter?lint=0006_multiple_permissive_policies,"{""name"":""event_tags"",""type"":""table"",""schema"":""public""}",multiple_permissive_policies_public_event_tags_cli_login_postgres_SELECT
multiple_permissive_policies,Multiple Permissive Policies,WARN,EXTERNAL,"[""PERFORMANCE""]",Detects if multiple permissive row level security policies are present on a table for the same \`role\` and \`action\` (e.g. insert). Multiple permissive policies are suboptimal for performance as each policy must be executed for every relevant query.,"Table \`public.event_tags\` has multiple permissive policies for role \`dashboard_user\` for action \`SELECT\`. Policies include \`{""Admins can manage event tags"",""Anyone can view event tags""}\`",https://supabase.com/docs/guides/database/database-linter?lint=0006_multiple_permissive_policies,"{""name"":""event_tags"",""type"":""table"",""schema"":""public""}",multiple_permissive_policies_public_event_tags_dashboard_user_SELECT
multiple_permissive_policies,Multiple Permissive Policies,WARN,EXTERNAL,"[""PERFORMANCE""]",Detects if multiple permissive row level security policies are present on a table for the same \`role\` and \`action\` (e.g. insert). Multiple permissive policies are suboptimal for performance as each policy must be executed for every relevant query.,"Table \`public.flags\` has multiple permissive policies for role \`anon\` for action \`INSERT\`. Policies include \`{""Admins can view and manage flags"",""Authenticated users can create flags""}\`",https://supabase.com/docs/guides/database/database-linter?lint=0006_multiple_permissive_policies,"{""name"":""flags"",""type"":""table"",""schema"":""public""}",multiple_permissive_policies_public_flags_anon_INSERT
multiple_permissive_policies,Multiple Permissive Policies,WARN,EXTERNAL,"[""PERFORMANCE""]",Detects if multiple permissive row level security policies are present on a table for the same \`role\` and \`action\` (e.g. insert). Multiple permissive policies are suboptimal for performance as each policy must be executed for every relevant query.,"Table \`public.flags\` has multiple permissive policies for role \`authenticated\` for action \`INSERT\`. Policies include \`{""Admins can view and manage flags"",""Authenticated users can create flags""}\`",https://supabase.com/docs/guides/database/database-linter?lint=0006_multiple_permissive_policies,"{""name"":""flags"",""type"":""table"",""schema"":""public""}",multiple_permissive_policies_public_flags_authenticated_INSERT
multiple_permissive_policies,Multiple Permissive Policies,WARN,EXTERNAL,"[""PERFORMANCE""]",Detects if multiple permissive row level security policies are present on a table for the same \`role\` and \`action\` (e.g. insert). Multiple permissive policies are suboptimal for performance as each policy must be executed for every relevant query.,"Table \`public.flags\` has multiple permissive policies for role \`authenticator\` for action \`INSERT\`. Policies include \`{""Admins can view and manage flags"",""Authenticated users can create flags""}\`",https://supabase.com/docs/guides/database/database-linter?lint=0006_multiple_permissive_policies,"{""name"":""flags"",""type"":""table"",""schema"":""public""}",multiple_permissive_policies_public_flags_authenticator_INSERT
multiple_permissive_policies,Multiple Permissive Policies,WARN,EXTERNAL,"[""PERFORMANCE""]",Detects if multiple permissive row level security policies are present on a table for the same \`role\` and \`action\` (e.g. insert). Multiple permissive policies are suboptimal for performance as each policy must be executed for every relevant query.,"Table \`public.flags\` has multiple permissive policies for role \`cli_login_postgres\` for action \`INSERT\`. Policies include \`{""Admins can view and manage flags"",""Authenticated users can create flags""}\`",https://supabase.com/docs/guides/database/database-linter?lint=0006_multiple_permissive_policies,"{""name"":""flags"",""type"":""table"",""schema"":""public""}",multiple_permissive_policies_public_flags_cli_login_postgres_INSERT
multiple_permissive_policies,Multiple Permissive Policies,WARN,EXTERNAL,"[""PERFORMANCE""]",Detects if multiple permissive row level security policies are present on a table for the same \`role\` and \`action\` (e.g. insert). Multiple permissive policies are suboptimal for performance as each policy must be executed for every relevant query.,"Table \`public.flags\` has multiple permissive policies for role \`dashboard_user\` for action \`INSERT\`. Policies include \`{""Admins can view and manage flags"",""Authenticated users can create flags""}\`",https://supabase.com/docs/guides/database/database-linter?lint=0006_multiple_permissive_policies,"{""name"":""flags"",""type"":""table"",""schema"":""public""}",multiple_permissive_policies_public_flags_dashboard_user_INSERT
multiple_permissive_policies,Multiple Permissive Policies,WARN,EXTERNAL,"[""PERFORMANCE""]",Detects if multiple permissive row level security policies are present on a table for the same \`role\` and \`action\` (e.g. insert). Multiple permissive policies are suboptimal for performance as each policy must be executed for every relevant query.,"Table \`public.payment_sessions\` has multiple permissive policies for role \`anon\` for action \`SELECT\`. Policies include \`{""Admins can view all payment sessions"",""Users can view their own payment sessions""}\`",https://supabase.com/docs/guides/database/database-linter?lint=0006_multiple_permissive_policies,"{""name"":""payment_sessions"",""type"":""table"",""schema"":""public""}",multiple_permissive_policies_public_payment_sessions_anon_SELECT
multiple_permissive_policies,Multiple Permissive Policies,WARN,EXTERNAL,"[""PERFORMANCE""]",Detects if multiple permissive row level security policies are present on a table for the same \`role\` and \`action\` (e.g. insert). Multiple permissive policies are suboptimal for performance as each policy must be executed for every relevant query.,"Table \`public.payment_sessions\` has multiple permissive policies for role \`authenticated\` for action \`SELECT\`. Policies include \`{""Admins can view all payment sessions"",""Users can view their own payment sessions""}\`",https://supabase.com/docs/guides/database/database-linter?lint=0006_multiple_permissive_policies,"{""name"":""payment_sessions"",""type"":""table"",""schema"":""public""}",multiple_permissive_policies_public_payment_sessions_authenticated_SELECT
multiple_permissive_policies,Multiple Permissive Policies,WARN,EXTERNAL,"[""PERFORMANCE""]",Detects if multiple permissive row level security policies are present on a table for the same \`role\` and \`action\` (e.g. insert). Multiple permissive policies are suboptimal for performance as each policy must be executed for every relevant query.,"Table \`public.payment_sessions\` has multiple permissive policies for role \`authenticator\` for action \`SELECT\`. Policies include \`{""Admins can view all payment sessions"",""Users can view their own payment sessions""}\`",https://supabase.com/docs/guides/database/database-linter?lint=0006_multiple_permissive_policies,"{""name"":""payment_sessions"",""type"":""table"",""schema"":""public""}",multiple_permissive_policies_public_payment_sessions_authenticator_SELECT
multiple_permissive_policies,Multiple Permissive Policies,WARN,EXTERNAL,"[""PERFORMANCE""]",Detects if multiple permissive row level security policies are present on a table for the same \`role\` and \`action\` (e.g. insert). Multiple permissive policies are suboptimal for performance as each policy must be executed for every relevant query.,"Table \`public.payment_sessions\` has multiple permissive policies for role \`cli_login_postgres\` for action \`SELECT\`. Policies include \`{""Admins can view all payment sessions"",""Users can view their own payment sessions""}\`",https://supabase.com/docs/guides/database/database-linter?lint=0006_multiple_permissive_policies,"{""name"":""payment_sessions"",""type"":""table"",""schema"":""public""}",multiple_permissive_policies_public_payment_sessions_cli_login_postgres_SELECT
multiple_permissive_policies,Multiple Permissive Policies,WARN,EXTERNAL,"[""PERFORMANCE""]",Detects if multiple permissive row level security policies are present on a table for the same \`role\` and \`action\` (e.g. insert). Multiple permissive policies are suboptimal for performance as each policy must be executed for every relevant query.,"Table \`public.payment_sessions\` has multiple permissive policies for role \`dashboard_user\` for action \`SELECT\`. Policies include \`{""Admins can view all payment sessions"",""Users can view their own payment sessions""}\`",https://supabase.com/docs/guides/database/database-linter?lint=0006_multiple_permissive_policies,"{""name"":""payment_sessions"",""type"":""table"",""schema"":""public""}",multiple_permissive_policies_public_payment_sessions_dashboard_user_SELECT
multiple_permissive_policies,Multiple Permissive Policies,WARN,EXTERNAL,"[""PERFORMANCE""]",Detects if multiple permissive row level security policies are present on a table for the same \`role\` and \`action\` (e.g. insert). Multiple permissive policies are suboptimal for performance as each policy must be executed for every relevant query.,"Table \`public.tags\` has multiple permissive policies for role \`anon\` for action \`SELECT\`. Policies include \`{""Admins can manage tags"",""Anyone can view tags""}\`",https://supabase.com/docs/guides/database/database-linter?lint=0006_multiple_permissive_policies,"{""name"":""tags"",""type"":""table"",""schema"":""public""}",multiple_permissive_policies_public_tags_anon_SELECT
multiple_permissive_policies,Multiple Permissive Policies,WARN,EXTERNAL,"[""PERFORMANCE""]",Detects if multiple permissive row level security policies are present on a table for the same \`role\` and \`action\` (e.g. insert). Multiple permissive policies are suboptimal for performance as each policy must be executed for every relevant query.,"Table \`public.tags\` has multiple permissive policies for role \`authenticated\` for action \`SELECT\`. Policies include \`{""Admins can manage tags"",""Anyone can view tags""}\`",https://supabase.com/docs/guides/database/database-linter?lint=0006_multiple_permissive_policies,"{""name"":""tags"",""type"":""table"",""schema"":""public""}",multiple_permissive_policies_public_tags_authenticated_SELECT
multiple_permissive_policies,Multiple Permissive Policies,WARN,EXTERNAL,"[""PERFORMANCE""]",Detects if multiple permissive row level security policies are present on a table for the same \`role\` and \`action\` (e.g. insert). Multiple permissive policies are suboptimal for performance as each policy must be executed for every relevant query.,"Table \`public.tags\` has multiple permissive policies for role \`authenticator\` for action \`SELECT\`. Policies include \`{""Admins can manage tags"",""Anyone can view tags""}\`",https://supabase.com/docs/guides/database/database-linter?lint=0006_multiple_permissive_policies,"{""name"":""tags"",""type"":""table"",""schema"":""public""}",multiple_permissive_policies_public_tags_authenticator_SELECT
multiple_permissive_policies,Multiple Permissive Policies,WARN,EXTERNAL,"[""PERFORMANCE""]",Detects if multiple permissive row level security policies are present on a table for the same \`role\` and \`action\` (e.g. insert). Multiple permissive policies are suboptimal for performance as each policy must be executed for every relevant query.,"Table \`public.tags\` has multiple permissive policies for role \`cli_login_postgres\` for action \`SELECT\`. Policies include \`{""Admins can manage tags"",""Anyone can view tags""}\`",https://supabase.com/docs/guides/database/database-linter?lint=0006_multiple_permissive_policies,"{""name"":""tags"",""type"":""table"",""schema"":""public""}",multiple_permissive_policies_public_tags_cli_login_postgres_SELECT
multiple_permissive_policies,Multiple Permissive Policies,WARN,EXTERNAL,"[""PERFORMANCE""]",Detects if multiple permissive row level security policies are present on a table for the same \`role\` and \`action\` (e.g. insert). Multiple permissive policies are suboptimal for performance as each policy must be executed for every relevant query.,"Table \`public.tags\` has multiple permissive policies for role \`dashboard_user\` for action \`SELECT\`. Policies include \`{""Admins can manage tags"",""Anyone can view tags""}\`",https://supabase.com/docs/guides/database/database-linter?lint=0006_multiple_permissive_policies,"{""name"":""tags"",""type"":""table"",""schema"":""public""}",multiple_permissive_policies_public_tags_dashboard_user_SELECT
multiple_permissive_policies,Multiple Permissive Policies,WARN,EXTERNAL,"[""PERFORMANCE""]",Detects if multiple permissive row level security policies are present on a table for the same \`role\` and \`action\` (e.g. insert). Multiple permissive policies are suboptimal for performance as each policy must be executed for every relevant query.,"Table \`public.user_badges\` has multiple permissive policies for role \`anon\` for action \`SELECT\`. Policies include \`{""Admins can manage badges"",""Users can view own badges""}\`",https://supabase.com/docs/guides/database/database-linter?lint=0006_multiple_permissive_policies,"{""name"":""user_badges"",""type"":""table"",""schema"":""public""}",multiple_permissive_policies_public_user_badges_anon_SELECT
multiple_permissive_policies,Multiple Permissive Policies,WARN,EXTERNAL,"[""PERFORMANCE""]",Detects if multiple permissive row level security policies are present on a table for the same \`role\` and \`action\` (e.g. insert). Multiple permissive policies are suboptimal for performance as each policy must be executed for every relevant query.,"Table \`public.user_badges\` has multiple permissive policies for role \`authenticated\` for action \`SELECT\`. Policies include \`{""Admins can manage badges"",""Users can view own badges""}\`",https://supabase.com/docs/guides/database/database-linter?lint=0006_multiple_permissive_policies,"{""name"":""user_badges"",""type"":""table"",""schema"":""public""}",multiple_permissive_policies_public_user_badges_authenticated_SELECT
multiple_permissive_policies,Multiple Permissive Policies,WARN,EXTERNAL,"[""PERFORMANCE""]",Detects if multiple permissive row level security policies are present on a table for the same \`role\` and \`action\` (e.g. insert). Multiple permissive policies are suboptimal for performance as each policy must be executed for every relevant query.,"Table \`public.user_badges\` has multiple permissive policies for role \`authenticator\` for action \`SELECT\`. Policies include \`{""Admins can manage badges"",""Users can view own badges""}\`",https://supabase.com/docs/guides/database/database-linter?lint=0006_multiple_permissive_policies,"{""name"":""user_badges"",""type"":""table"",""schema"":""public""}",multiple_permissive_policies_public_user_badges_authenticator_SELECT
multiple_permissive_policies,Multiple Permissive Policies,WARN,EXTERNAL,"[""PERFORMANCE""]",Detects if multiple permissive row level security policies are present on a table for the same \`role\` and \`action\` (e.g. insert). Multiple permissive policies are suboptimal for performance as each policy must be executed for every relevant query.,"Table \`public.user_badges\` has multiple permissive policies for role \`cli_login_postgres\` for action \`SELECT\`. Policies include \`{""Admins can manage badges"",""Users can view own badges""}\`",https://supabase.com/docs/guides/database/database-linter?lint=0006_multiple_permissive_policies,"{""name"":""user_badges"",""type"":""table"",""schema"":""public""}",multiple_permissive_policies_public_user_badges_cli_login_postgres_SELECT
multiple_permissive_policies,Multiple Permissive Policies,WARN,EXTERNAL,"[""PERFORMANCE""]",Detects if multiple permissive row level security policies are present on a table for the same \`role\` and \`action\` (e.g. insert). Multiple permissive policies are suboptimal for performance as each policy must be executed for every relevant query.,"Table \`public.user_badges\` has multiple permissive policies for role \`dashboard_user\` for action \`SELECT\`. Policies include \`{""Admins can manage badges"",""Users can view own badges""}\`",https://supabase.com/docs/guides/database/database-linter?lint=0006_multiple_permissive_policies,"{""name"":""user_badges"",""type"":""table"",""schema"":""public""}",multiple_permissive_policies_public_user_badges_dashboard_user_SELECT
multiple_permissive_policies,Multiple Permissive Policies,WARN,EXTERNAL,"[""PERFORMANCE""]",Detects if multiple permissive row level security policies are present on a table for the same \`role\` and \`action\` (e.g. insert). Multiple permissive policies are suboptimal for performance as each policy must be executed for every relevant query.,"Table \`public.user_permissions\` has multiple permissive policies for role \`authenticated\` for action \`SELECT\`. Policies include \`{""Admins can manage all user permissions"",""Users can view their own permissions""}\`",https://supabase.com/docs/guides/database/database-linter?lint=0006_multiple_permissive_policies,"{""name"":""user_permissions"",""type"":""table"",""schema"":""public""}",multiple_permissive_policies_public_user_permissions_authenticated_SELECT
multiple_permissive_policies,Multiple Permissive Policies,WARN,EXTERNAL,"[""PERFORMANCE""]",Detects if multiple permissive row level security policies are present on a table for the same \`role\` and \`action\` (e.g. insert). Multiple permissive policies are suboptimal for performance as each policy must be executed for every relevant query.,"Table \`public.user_requests\` has multiple permissive policies for role \`anon\` for action \`INSERT\`. Policies include \`{""Admins can manage all requests"",""Users can create their own requests""}\`",https://supabase.com/docs/guides/database/database-linter?lint=0006_multiple_permissive_policies,"{""name"":""user_requests"",""type"":""table"",""schema"":""public""}",multiple_permissive_policies_public_user_requests_anon_INSERT
multiple_permissive_policies,Multiple Permissive Policies,WARN,EXTERNAL,"[""PERFORMANCE""]",Detects if multiple permissive row level security policies are present on a table for the same \`role\` and \`action\` (e.g. insert). Multiple permissive policies are suboptimal for performance as each policy must be executed for every relevant query.,"Table \`public.user_requests\` has multiple permissive policies for role \`anon\` for action \`SELECT\`. Policies include \`{""Admins can manage all requests"",""Users can view their own requests""}\`",https://supabase.com/docs/guides/database/database-linter?lint=0006_multiple_permissive_policies,"{""name"":""user_requests"",""type"":""table"",""schema"":""public""}",multiple_permissive_policies_public_user_requests_anon_SELECT
multiple_permissive_policies,Multiple Permissive Policies,WARN,EXTERNAL,"[""PERFORMANCE""]",Detects if multiple permissive row level security policies are present on a table for the same \`role\` and \`action\` (e.g. insert). Multiple permissive policies are suboptimal for performance as each policy must be executed for every relevant query.,"Table \`public.user_requests\` has multiple permissive policies for role \`authenticated\` for action \`INSERT\`. Policies include \`{""Admins can manage all requests"",""Users can create their own requests""}\`",https://supabase.com/docs/guides/database/database-linter?lint=0006_multiple_permissive_policies,"{""name"":""user_requests"",""type"":""table"",""schema"":""public""}",multiple_permissive_policies_public_user_requests_authenticated_INSERT
multiple_permissive_policies,Multiple Permissive Policies,WARN,EXTERNAL,"[""PERFORMANCE""]",Detects if multiple permissive row level security policies are present on a table for the same \`role\` and \`action\` (e.g. insert). Multiple permissive policies are suboptimal for performance as each policy must be executed for every relevant query.,"Table \`public.user_requests\` has multiple permissive policies for role \`authenticated\` for action \`SELECT\`. Policies include \`{""Admins can manage all requests"",""Users can view their own requests""}\`",https://supabase.com/docs/guides/database/database-linter?lint=0006_multiple_permissive_policies,"{""name"":""user_requests"",""type"":""table"",""schema"":""public""}",multiple_permissive_policies_public_user_requests_authenticated_SELECT
multiple_permissive_policies,Multiple Permissive Policies,WARN,EXTERNAL,"[""PERFORMANCE""]",Detects if multiple permissive row level security policies are present on a table for the same \`role\` and \`action\` (e.g. insert). Multiple permissive policies are suboptimal for performance as each policy must be executed for every relevant query.,"Table \`public.user_requests\` has multiple permissive policies for role \`authenticator\` for action \`INSERT\`. Policies include \`{""Admins can manage all requests"",""Users can create their own requests""}\`",https://supabase.com/docs/guides/database/database-linter?lint=0006_multiple_permissive_policies,"{""name"":""user_requests"",""type"":""table"",""schema"":""public""}",multiple_permissive_policies_public_user_requests_authenticator_INSERT
multiple_permissive_policies,Multiple Permissive Policies,WARN,EXTERNAL,"[""PERFORMANCE""]",Detects if multiple permissive row level security policies are present on a table for the same \`role\` and \`action\` (e.g. insert). Multiple permissive policies are suboptimal for performance as each policy must be executed for every relevant query.,"Table \`public.user_requests\` has multiple permissive policies for role \`authenticator\` for action \`SELECT\`. Policies include \`{""Admins can manage all requests"",""Users can view their own requests""}\`",https://supabase.com/docs/guides/database/database-linter?lint=0006_multiple_permissive_policies,"{""name"":""user_requests"",""type"":""table"",""schema"":""public""}",multiple_permissive_policies_public_user_requests_authenticator_SELECT
multiple_permissive_policies,Multiple Permissive Policies,WARN,EXTERNAL,"[""PERFORMANCE""]",Detects if multiple permissive row level security policies are present on a table for the same \`role\` and \`action\` (e.g. insert). Multiple permissive policies are suboptimal for performance as each policy must be executed for every relevant query.,"Table \`public.user_requests\` has multiple permissive policies for role \`cli_login_postgres\` for action \`INSERT\`. Policies include \`{""Admins can manage all requests"",""Users can create their own requests""}\`",https://supabase.com/docs/guides/database/database-linter?lint=0006_multiple_permissive_policies,"{""name"":""user_requests"",""type"":""table"",""schema"":""public""}",multiple_permissive_policies_public_user_requests_cli_login_postgres_INSERT
multiple_permissive_policies,Multiple Permissive Policies,WARN,EXTERNAL,"[""PERFORMANCE""]",Detects if multiple permissive row level security policies are present on a table for the same \`role\` and \`action\` (e.g. insert). Multiple permissive policies are suboptimal for performance as each policy must be executed for every relevant query.,"Table \`public.user_requests\` has multiple permissive policies for role \`cli_login_postgres\` for action \`SELECT\`. Policies include \`{""Admins can manage all requests"",""Users can view their own requests""}\`",https://supabase.com/docs/guides/database/database-linter?lint=0006_multiple_permissive_policies,"{""name"":""user_requests"",""type"":""table"",""schema"":""public""}",multiple_permissive_policies_public_user_requests_cli_login_postgres_SELECT
multiple_permissive_policies,Multiple Permissive Policies,WARN,EXTERNAL,"[""PERFORMANCE""]",Detects if multiple permissive row level security policies are present on a table for the same \`role\` and \`action\` (e.g. insert). Multiple permissive policies are suboptimal for performance as each policy must be executed for every relevant query.,"Table \`public.user_requests\` has multiple permissive policies for role \`dashboard_user\` for action \`INSERT\`. Policies include \`{""Admins can manage all requests"",""Users can create their own requests""}\`",https://supabase.com/docs/guides/database/database-linter?lint=0006_multiple_permissive_policies,"{""name"":""user_requests"",""type"":""table"",""schema"":""public""}",multiple_permissive_policies_public_user_requests_dashboard_user_INSERT
multiple_permissive_policies,Multiple Permissive Policies,WARN,EXTERNAL,"[""PERFORMANCE""]",Detects if multiple permissive row level security policies are present on a table for the same \`role\` and \`action\` (e.g. insert). Multiple permissive policies are suboptimal for performance as each policy must be executed for every relevant query.,"Table \`public.user_requests\` has multiple permissive policies for role \`dashboard_user\` for action \`SELECT\`. Policies include \`{""Admins can manage all requests"",""Users can view their own requests""}\`",https://supabase.com/docs/guides/database/database-linter?lint=0006_multiple_permissive_policies,"{""name"":""user_requests"",""type"":""table"",""schema"":""public""}",multiple_permissive_policies_public_user_requests_dashboard_user_SELECT
multiple_permissive_policies,Multiple Permissive Policies,WARN,EXTERNAL,"[""PERFORMANCE""]",Detects if multiple permissive row level security policies are present on a table for the same \`role\` and \`action\` (e.g. insert). Multiple permissive policies are suboptimal for performance as each policy must be executed for every relevant query.,"Table \`public.user_roles\` has multiple permissive policies for role \`authenticated\` for action \`SELECT\`. Policies include \`{""Admins can manage all user roles"",""Users can view their own roles""}\`",https://supabase.com/docs/guides/database/database-linter?lint=0006_multiple_permissive_policies,"{""name"":""user_roles"",""type"":""table"",""schema"":""public""}",multiple_permissive_policies_public_user_roles_authenticated_SELECT
multiple_permissive_policies,Multiple Permissive Policies,WARN,EXTERNAL,"[""PERFORMANCE""]",Detects if multiple permissive row level security policies are present on a table for the same \`role\` and \`action\` (e.g. insert). Multiple permissive policies are suboptimal for performance as each policy must be executed for every relevant query.,"Table \`public.users\` has multiple permissive policies for role \`anon\` for action \`SELECT\`. Policies include \`{""Users can view own profile and admins can view all"",""Users can view own whatsapp_number""}\`",https://supabase.com/docs/guides/database/database-linter?lint=0006_multiple_permissive_policies,"{""name"":""users"",""type"":""table"",""schema"":""public""}",multiple_permissive_policies_public_users_anon_SELECT
multiple_permissive_policies,Multiple Permissive Policies,WARN,EXTERNAL,"[""PERFORMANCE""]",Detects if multiple permissive row level security policies are present on a table for the same \`role\` and \`action\` (e.g. insert). Multiple permissive policies are suboptimal for performance as each policy must be executed for every relevant query.,"Table \`public.users\` has multiple permissive policies for role \`authenticated\` for action \`SELECT\`. Policies include \`{""Users can view own profile and admins can view all"",""Users can view own whatsapp_number""}\`",https://supabase.com/docs/guides/database/database-linter?lint=0006_multiple_permissive_policies,"{""name"":""users"",""type"":""table"",""schema"":""public""}",multiple_permissive_policies_public_users_authenticated_SELECT
multiple_permissive_policies,Multiple Permissive Policies,WARN,EXTERNAL,"[""PERFORMANCE""]",Detects if multiple permissive row level security policies are present on a table for the same \`role\` and \`action\` (e.g. insert). Multiple permissive policies are suboptimal for performance as each policy must be executed for every relevant query.,"Table \`public.users\` has multiple permissive policies for role \`authenticated\` for action \`UPDATE\`. Policies include \`{""Admins can update any user"",""Users can update own profile (no role change)""}\`",https://supabase.com/docs/guides/database/database-linter?lint=0006_multiple_permissive_policies,"{""name"":""users"",""type"":""table"",""schema"":""public""}",multiple_permissive_policies_public_users_authenticated_UPDATE
multiple_permissive_policies,Multiple Permissive Policies,WARN,EXTERNAL,"[""PERFORMANCE""]",Detects if multiple permissive row level security policies are present on a table for the same \`role\` and \`action\` (e.g. insert). Multiple permissive policies are suboptimal for performance as each policy must be executed for every relevant query.,"Table \`public.users\` has multiple permissive policies for role \`authenticator\` for action \`SELECT\`. Policies include \`{""Users can view own profile and admins can view all"",""Users can view own whatsapp_number""}\`",https://supabase.com/docs/guides/database/database-linter?lint=0006_multiple_permissive_policies,"{""name"":""users"",""type"":""table"",""schema"":""public""}",multiple_permissive_policies_public_users_authenticator_SELECT
multiple_permissive_policies,Multiple Permissive Policies,WARN,EXTERNAL,"[""PERFORMANCE""]",Detects if multiple permissive row level security policies are present on a table for the same \`role\` and \`action\` (e.g. insert). Multiple permissive policies are suboptimal for performance as each policy must be executed for every relevant query.,"Table \`public.users\` has multiple permissive policies for role \`cli_login_postgres\` for action \`SELECT\`. Policies include \`{""Users can view own profile and admins can view all"",""Users can view own whatsapp_number""}\`",https://supabase.com/docs/guides/database/database-linter?lint=0006_multiple_permissive_policies,"{""name"":""users"",""type"":""table"",""schema"":""public""}",multiple_permissive_policies_public_users_cli_login_postgres_SELECT
multiple_permissive_policies,Multiple Permissive Policies,WARN,EXTERNAL,"[""PERFORMANCE""]",Detects if multiple permissive row level security policies are present on a table for the same \`role\` and \`action\` (e.g. insert). Multiple permissive policies are suboptimal for performance as each policy must be executed for every relevant query.,"Table \`public.users\` has multiple permissive policies for role \`dashboard_user\` for action \`SELECT\`. Policies include \`{""Users can view own profile and admins can view all"",""Users can view own whatsapp_number""}\`",https://supabase.com/docs/guides/database/database-linter?lint=0006_multiple_permissive_policies,"{""name"":""users"",""type"":""table"",""schema"":""public""}",multiple_permissive_policies_public_users_dashboard_user_SELECT